url_path,views_total,views_unique
/IceFireDB/IceFireDB-Proxy,15,10
/IceFireDB/IceFireDB-Proxy/blob/main/cmd/proxy/main.go,3,2
/IceFireDB/IceFireDB-Proxy/tree/main/cmd/proxy,2,2
/IceFireDB/IceFireDB-Proxy/blob/main/proxy/proxy.go,2,1
/IceFireDB/IceFireDB-Proxy/tree/main/proxy,2,1
/IceFireDB/IceFireDB-Proxy/blob/main/Dockerfile,1,1
/IceFireDB/IceFireDB-Proxy/fork,1,1
/IceFireDB/IceFireDB-Proxy/stargazers,1,1
/IceFireDB/IceFireDB-Proxy/tree/main/cmd,1,1
/IceFireDB/IceFireDB-Proxy/tree/main/pkg,1,1
